text,sentiment
Absolutely loved the product; it works perfectly and feels well made.,positive
The customer support team was helpful, polite, and quick to respond.,positive
This movie was engaging from beginning to end, with excellent performances.,positive
The meal was delicious, fresh, and beautifully presented.,positive
I am very happy with this purchase and would gladly buy it again.,positive
The new update made the application faster and easier to use.,positive
The hotel room was clean, comfortable, and quiet.,positive
The staff handled my request professionally and solved the problem quickly.,positive
The book was fascinating and kept me interested throughout.,positive
The laptop performs smoothly and the battery lasts all day.,positive
The service was excellent and the experience exceeded my expectations.,positive
The design is attractive, intuitive, and easy to navigate.,positive
I enjoyed the concert; the performers were energetic and talented.,positive
The delivery arrived early and everything was packaged carefully.,positive
The course was informative, practical, and easy to follow.,positive
The camera takes sharp photos and performs well in low light.,positive
The restaurant had friendly staff and a relaxing atmosphere.,positive
This was a great experience and I am completely satisfied.,positive
The instructions were clear and the setup took only a few minutes.,positive
The software is reliable and has significantly improved my workflow.,positive
The performance was impressive and the audience responded enthusiastically.,positive
The room was spacious, bright, and very comfortable.,positive
I appreciate how quickly the company resolved my complaint.,positive
The product quality is excellent for the price.,positive
The website looks polished and the checkout process is simple.,positive
The teacher explained the difficult concepts clearly and patiently.,positive
The food tasted fresh and the portions were generous.,positive
I really enjoyed the story and found the ending satisfying.,positive
The headphones sound excellent and are comfortable to wear.,positive
The app is responsive and makes managing my tasks much easier.,positive
The package arrived safely and the item was exactly as described.,positive
The support representative was courteous and solved my issue immediately.,positive
This is one of the best purchases I have made this year.,positive
The presentation was clear, engaging, and professionally delivered.,positive
The hotel staff were welcoming and made our stay enjoyable.,positive
The new interface is cleaner and much easier to understand.,positive
The movie had strong characters and an entertaining storyline.,positive
The service was fast, accurate, and friendly.,positive
The device is lightweight, powerful, and convenient to use.,positive
I would definitely recommend this product to my friends.,positive
The experience was pleasant from start to finish.,positive
The book provided useful insights and was enjoyable to read.,positive
The restaurant served excellent food and maintained high standards.,positive
The website loads quickly and works smoothly on my phone.,positive
The repair was completed perfectly and the technician was helpful.,positive
The course materials were organized and genuinely useful.,positive
The product feels durable and performs exactly as promised.,positive
The staff were attentive and made us feel welcome.,positive
I am impressed by the quality and overall value.,positive
The team delivered an excellent result and communicated clearly throughout the project.,positive
I hated the product because it stopped working after two days.,negative
The customer support team ignored my messages and never solved the problem.,negative
This movie was boring, confusing, and painfully slow.,negative
The meal was cold, tasteless, and poorly presented.,negative
I regret this purchase because the quality was much worse than expected.,negative
The latest update made the application slower and harder to use.,negative
The hotel room was dirty, noisy, and uncomfortable.,negative
The staff handled my request poorly and refused to help.,negative
The book was dull and failed to keep me interested.,negative
The laptop overheats quickly and the battery drains within hours.,negative
The service was terrible and the experience was extremely frustrating.,negative
The design is confusing and difficult to navigate.,negative
The concert was disappointing because the performers seemed unprepared.,negative
The delivery arrived late and the package was damaged.,negative
The course was disorganized and difficult to follow.,negative
The camera produces blurry photos and performs poorly in low light.,negative
The restaurant had rude staff and an unpleasant atmosphere.,negative
I am very dissatisfied with the experience and would not return.,negative
The instructions were unclear and the setup became frustrating.,negative
The software crashes frequently and disrupts my work.,negative
The performance was weak and the audience looked bored.,negative
The room was cramped, dark, and uncomfortable.,negative
The company took days to respond and never fixed my issue.,negative
The product quality is poor for the price.,negative
The website is cluttered and the checkout process is frustrating.,negative
The teacher explained the material poorly and left important questions unanswered.,negative
The food tasted stale and the portions were disappointing.,negative
I disliked the story and found the ending unsatisfying.,negative
The headphones sound terrible and become uncomfortable quickly.,negative
The app is slow and makes simple tasks unnecessarily difficult.,negative
The package arrived damaged and the item was not as described.,negative
The support representative was rude and failed to solve my issue.,negative
This is one of the worst purchases I have made.,negative
The presentation was confusing, repetitive, and poorly organized.,negative
The hotel staff were unhelpful and made our stay unpleasant.,negative
The new interface is cluttered and harder to understand.,negative
The movie had weak characters and an uninteresting storyline.,negative
The service was slow, inaccurate, and unfriendly.,negative
The device is bulky, unreliable, and difficult to use.,negative
I would not recommend this product to anyone.,negative
The experience was frustrating from beginning to end.,negative
The book provided little value and was difficult to finish.,negative
The restaurant served disappointing food and ignored our requests.,negative
The website loads slowly and frequently stops responding.,negative
The repair was incomplete and the technician made the problem worse.,negative
The course materials were confusing and poorly organized.,negative
The product feels cheap and does not perform as promised.,negative
The staff were inattentive and made us wait too long.,negative
I am disappointed with the quality and overall value.,negative
The team delivered a poor result and communicated badly throughout the project.,negative
The product weighs 850 grams and has a black exterior.,neutral
The customer support team is available from 9 a.m. to 5 p.m.,neutral
The movie was released in 2020 and has a running time of 118 minutes.,neutral
The meal included rice, vegetables, and a glass of water.,neutral
The order number is 48217 and it was placed on Tuesday.,neutral
The application version is 4.2.1 and requires Android 10 or later.,neutral
The hotel has 120 rooms and is located near the city center.,neutral
The request was submitted through the online support form.,neutral
The book contains 14 chapters and was published in 2019.,neutral
The laptop has 16GB of RAM and a 512GB SSD.,neutral
The service operates seven days a week from 8 a.m. to 10 p.m.,neutral
The interface contains a search bar and three navigation tabs.,neutral
The concert started at 8 p.m. and lasted approximately two hours.,neutral
The delivery was scheduled for Thursday afternoon.,neutral
The course consists of eight modules and includes weekly assignments.,neutral
The camera has a 24-megapixel sensor and supports 4K video.,neutral
The restaurant is located on the second floor of the building.,neutral
The account was created in March and has two registered devices.,neutral
The document contains five pages and uses a standard font.,neutral
The software supports Windows 10 and Windows 11.,neutral
The performance began at 7:30 p.m. in the main auditorium.,neutral
The room has two beds, a desk, and a private bathroom.,neutral
The company received the request on Monday morning.,neutral
The package contains a charger, a cable, and an instruction manual.,neutral
The website has sections for products, orders, and account settings.,neutral
The class meets every Monday and Wednesday at 10 a.m.,neutral
The menu includes several vegetarian and non-vegetarian options.,neutral
The story takes place in a city during the summer.,neutral
The headphones use Bluetooth 5.2 and have a USB-C charging port.,neutral
The app displays the user's name, email address, and account status.,neutral
The package was shipped from Lahore on Friday.,neutral
The support ticket is listed under reference number 7314.,neutral
The presentation contains 18 slides and three diagrams.,neutral
The hotel check-in time is 2 p.m. and check-out is at noon.,neutral
The movie features six principal actors and was filmed in three locations.,neutral
The service has a monthly subscription and an annual subscription.,neutral
The device measures 14 centimeters in length.,neutral
The report covers sales data from January through June.,neutral
The website was updated on August 3.,neutral
The laptop screen measures 15.6 inches diagonally.,neutral
The meeting is scheduled for 11 a.m. in conference room B.,neutral
The order contains two shirts and one pair of shoes.,neutral
The book was translated into four languages.,neutral
The application stores settings locally on the device.,neutral
The restaurant accepts reservations for groups of up to eight people.,neutral
The camera battery has a capacity of 1800 mAh.,neutral
The course certificate is issued after all modules are completed.,neutral
The hotel provides Wi-Fi and parking for registered guests.,neutral
The product is available in three sizes.,neutral
The project was completed by a team of six people over a period of three weeks.,neutral
